hour,minute,second,sensor_data
19,43,52,"[24.25, 24.0, 23.75, 23.75, 24.0, 23.5, 24.0, 23.0, 23.75, 23.75, 23.5, 23.75, 23.75, 23.5, 24.0, 24.0, 24.0, 24.0, 24.25, 24.0, 24.0, 23.75, 24.25, 23.75, 24.5, 24.0, 24.0, 24.0, 24.0, 23.75, 24.5, 24.0, 23.75, 24.5, 24.25, 24.25, 24.25, 24.5, 24.5, 24.5, 25.0, 25.75, 25.5, 26.0, 26.25, 25.25, 24.75, 25.25, 26.25, 25.75, 25.25, 26.75, 27.5, 30.0, 30.25, 29.5, 27.0, 26.75, 28.75, 29.75, 29.75, 29.75, 29.25, 28.75]"
19,43,52,"[24.0, 23.75, 23.75, 23.75, 23.25, 24.25, 23.25, 23.25, 23.75, 24.0, 23.75, 23.75, 23.75, 23.5, 23.5, 24.0, 24.75, 23.75, 24.0, 23.75, 24.0, 24.0, 23.75, 23.75, 24.25, 24.25, 24.25, 24.0, 24.0, 24.0, 24.25, 24.0, 24.0, 24.25, 24.25, 24.25, 24.5, 24.0, 24.25, 25.0, 25.25, 25.5, 25.75, 26.0, 26.25, 25.5, 25.5, 25.25, 26.0, 25.5, 25.75, 26.75, 27.25, 29.75, 30.75, 29.5, 27.25, 27.25, 28.75, 30.5, 30.0, 29.75, 29.0, 29.5]"
19,43,52,"[24.0, 23.5, 24.0, 23.25, 23.25, 23.5, 24.25, 23.25, 24.0, 24.25, 23.75, 24.25, 23.75, 23.5, 24.0, 23.75, 24.75, 24.25, 24.25, 24.0, 24.0, 24.25, 24.25, 23.75, 24.25, 24.5, 24.25, 24.5, 24.25, 24.5, 24.5, 24.0, 24.25, 24.25, 24.25, 24.5, 24.5, 24.5, 24.75, 24.25, 25.0, 25.75, 25.75, 26.0, 26.75, 25.75, 25.0, 25.5, 26.75, 25.75, 25.75, 26.75, 27.75, 29.75, 31.5, 29.25, 26.5, 27.0, 28.75, 30.5, 29.75, 30.25, 29.25, 29.0]"
19,43,53,"[23.0, 24.25, 23.25, 23.5, 23.25, 23.5, 23.5, 23.0, 23.75, 24.0, 24.0, 23.5, 24.0, 23.75, 23.75, 23.75, 24.5, 23.75, 24.25, 23.5, 24.0, 24.25, 23.5, 23.75, 24.25, 23.25, 24.25, 24.25, 24.0, 24.25, 24.5, 23.5, 24.0, 24.5, 24.25, 24.0, 24.25, 23.75, 24.5, 24.5, 24.75, 25.75, 25.5, 25.75, 26.25, 25.25, 25.25, 25.25, 26.25, 25.75, 25.25, 27.0, 27.75, 30.0, 30.0, 29.0, 26.5, 27.0, 28.75, 30.5, 29.25, 29.75, 29.0, 29.0]"
19,43,53,"[24.5, 23.25, 23.5, 23.5, 23.5, 23.75, 23.75, 23.25, 23.5, 24.0, 24.0, 24.0, 23.5, 23.5, 24.0, 23.25, 24.75, 24.0, 24.25, 23.75, 24.25, 23.75, 23.75, 23.75, 24.25, 23.75, 24.25, 24.25, 24.0, 24.25, 24.5, 23.75, 24.0, 24.25, 24.25, 24.75, 24.25, 23.75, 24.0, 25.0, 25.25, 25.25, 25.25, 26.0, 26.75, 25.5, 25.0, 24.75, 26.25, 25.5, 26.0, 26.5, 27.5, 29.75, 30.75, 30.0, 27.5, 27.5, 28.75, 30.5, 30.0, 30.0, 29.75, 29.25]"
19,43,53,"[24.0, 23.75, 24.0, 23.75, 23.5, 23.25, 23.75, 23.25, 23.25, 24.25, 24.0, 23.5, 23.25, 23.5, 23.5, 23.75, 24.5, 24.0, 24.5, 24.0, 24.25, 24.0, 23.75, 23.5, 24.0, 24.25, 24.0, 24.5, 24.5, 24.5, 24.5, 24.0, 24.5, 24.5, 24.5, 24.5, 24.5, 24.75, 25.0, 24.5, 25.0, 25.25, 25.5, 26.0, 26.5, 25.75, 25.25, 25.0, 26.75, 25.5, 25.25, 26.75, 27.75, 30.0, 30.5, 29.5, 27.0, 27.25, 28.25, 30.5, 30.0, 29.75, 29.5, 28.75]"
19,43,53,"[24.0, 23.75, 23.75, 23.5, 23.5, 23.25, 23.5, 23.0, 23.75, 24.0, 23.75, 24.0, 23.5, 23.75, 24.25, 23.5, 24.25, 23.75, 24.25, 23.5, 24.25, 24.25, 23.75, 23.5, 24.5, 24.0, 24.5, 24.5, 24.0, 24.25, 24.25, 23.75, 24.0, 24.75, 24.25, 24.25, 24.0, 24.5, 24.5, 24.75, 24.75, 25.5, 25.5, 25.75, 26.25, 25.5, 25.0, 25.75, 27.0, 25.25, 25.75, 26.75, 27.75, 30.0, 30.75, 29.5, 26.75, 27.25, 29.0, 30.5, 29.75, 30.0, 29.5, 30.0]"
19,43,53,"[23.75, 23.5, 23.5, 23.75, 23.5, 23.25, 23.5, 23.25, 24.25, 23.75, 23.75, 23.5, 23.5, 23.5, 23.75, 23.5, 24.75, 24.25, 24.25, 24.25, 24.0, 24.25, 24.0, 24.0, 24.25, 24.5, 24.5, 24.0, 24.5, 24.5, 24.75, 24.0, 24.25, 24.0, 24.75, 24.25, 24.25, 24.25, 24.25, 24.75, 25.25, 25.75, 25.75, 26.0, 26.25, 25.25, 25.75, 26.0, 26.5, 25.5, 25.5, 27.0, 28.25, 29.75, 31.25, 29.75, 26.75, 27.25, 29.0, 30.75, 29.75, 30.0, 29.75, 29.0]"
19,43,54,"[23.75, 24.0, 23.0, 23.5, 23.75, 23.75, 23.25, 22.75, 24.25, 24.5, 23.5, 24.0, 23.25, 23.25, 24.0, 23.0, 24.25, 23.5, 24.25, 23.75, 23.75, 24.0, 23.75, 23.5, 23.75, 24.0, 24.0, 24.25, 24.25, 24.5, 24.5, 23.75, 24.25, 24.25, 24.25, 24.5, 24.25, 24.25, 24.5, 24.5, 25.5, 25.75, 25.5, 26.0, 26.25, 25.75, 25.5, 25.75, 26.5, 25.75, 26.0, 27.25, 28.0, 29.75, 30.5, 29.75, 26.5, 27.0, 28.5, 30.5, 29.75, 30.0, 29.25, 29.5]"
19,43,54,"[24.0, 24.0, 23.5, 23.25, 23.5, 23.25, 23.25, 23.25, 23.75, 24.0, 23.5, 24.25, 23.75, 23.75, 24.25, 23.25, 24.5, 24.5, 24.5, 23.75, 24.25, 24.0, 23.75, 24.0, 24.0, 24.5, 24.25, 24.0, 24.25, 24.0, 24.0, 24.0, 24.25, 24.25, 24.5, 24.75, 24.25, 24.0, 24.5, 24.5, 25.0, 25.5, 25.5, 26.0, 26.25, 25.5, 25.5, 26.0, 26.0, 25.5, 25.75, 27.0, 28.0, 30.25, 31.0, 29.0, 26.5, 27.5, 28.5, 30.5, 30.0, 29.75, 29.25, 29.25]"
19,43,54,"[24.0, 24.0, 24.0, 23.75, 23.5, 23.75, 23.5, 23.25, 23.75, 24.5, 23.5, 24.0, 23.5, 23.75, 24.25, 24.25, 24.75, 24.0, 24.25, 23.75, 23.75, 24.25, 23.5, 23.75, 24.25, 24.0, 24.25, 24.5, 24.5, 24.25, 24.5, 24.0, 24.0, 24.5, 24.25, 24.5, 24.5, 24.25, 24.25, 24.75, 25.0, 25.75, 26.0, 26.0, 26.75, 25.5, 25.0, 25.5, 26.0, 26.0, 25.5, 26.5, 27.5, 29.75, 30.75, 29.75, 26.75, 27.5, 28.5, 30.25, 29.75, 30.0, 29.0, 29.0]"
19,43,54,"[23.75, 23.5, 23.0, 23.75, 23.75, 23.75, 23.25, 23.25, 24.5, 24.0, 23.25, 23.75, 23.25, 23.5, 23.75, 24.0, 24.25, 24.25, 24.0, 23.75, 24.0, 24.25, 24.0, 24.0, 24.5, 24.25, 24.25, 24.25, 23.75, 24.0, 24.25, 24.0, 24.25, 24.75, 24.25, 24.5, 24.25, 24.25, 24.5, 24.5, 25.0, 25.25, 25.75, 25.75, 26.5, 25.25, 25.5, 25.5, 26.5, 25.25, 26.0, 26.5, 28.0, 30.0, 30.5, 29.5, 27.0, 26.75, 29.0, 30.25, 30.0, 29.5, 29.25, 29.25]"
19,43,55,"[23.5, 23.25, 23.25, 23.5, 23.5, 23.5, 23.75, 23.25, 23.5, 24.0, 23.75, 23.5, 23.5, 23.5, 24.0, 23.75, 24.25, 24.0, 24.25, 23.5, 24.0, 24.0, 23.5, 23.25, 24.5, 24.0, 23.75, 24.75, 24.25, 24.5, 24.25, 24.0, 24.25, 24.75, 24.0, 24.25, 24.5, 24.25, 24.75, 25.0, 25.0, 25.75, 25.75, 26.0, 26.25, 26.25, 25.0, 25.5, 26.75, 25.75, 25.0, 26.75, 27.5, 30.25, 31.0, 29.75, 26.75, 27.0, 29.0, 30.5, 30.25, 30.0, 29.75, 29.25]"
19,43,55,"[23.5, 24.0, 23.25, 24.0, 23.75, 23.5, 23.75, 23.25, 24.0, 24.25, 23.5, 23.5, 23.5, 23.5, 23.75, 23.5, 24.25, 23.5, 24.5, 24.0, 24.0, 24.25, 24.0, 23.75, 23.75, 24.5, 24.25, 24.5, 24.25, 24.5, 24.5, 24.0, 24.0, 24.25, 24.75, 24.75, 24.25, 24.25, 24.5, 24.75, 25.0, 25.25, 26.0, 25.5, 26.0, 25.25, 25.25, 25.0, 26.5, 26.0, 25.5, 26.75, 27.5, 30.0, 30.75, 29.25, 27.0, 27.25, 29.0, 30.5, 30.0, 30.0, 29.25, 29.25]"
19,43,55,"[24.25, 23.5, 23.75, 23.5, 23.25, 23.5, 23.75, 23.5, 23.25, 23.75, 23.5, 23.5, 23.25, 23.5, 23.5, 23.0, 24.5, 23.75, 24.25, 23.5, 24.5, 24.0, 24.0, 23.5, 24.0, 24.0, 24.5, 24.5, 24.25, 24.0, 24.5, 24.25, 24.25, 24.0, 24.0, 24.5, 24.25, 24.0, 24.5, 24.0, 25.0, 25.5, 25.25, 25.75, 26.0, 25.5, 25.25, 25.25, 26.25, 25.75, 25.5, 26.75, 27.75, 29.75, 30.5, 29.25, 27.25, 26.75, 28.5, 30.5, 30.0, 29.5, 29.5, 29.0]"
19,43,55,"[24.0, 24.25, 23.75, 23.75, 24.0, 23.5, 23.75, 23.25, 23.75, 24.0, 23.75, 23.75, 23.75, 24.0, 23.75, 24.25, 24.5, 24.0, 24.5, 23.75, 24.25, 24.25, 24.0, 24.25, 24.5, 23.75, 24.25, 24.5, 24.5, 24.25, 24.75, 24.5, 24.5, 24.25, 24.25, 24.75, 24.75, 24.75, 25.0, 24.25, 25.25, 26.0, 25.5, 26.0, 26.75, 25.5, 25.25, 26.0, 26.75, 25.75, 25.75, 26.75, 27.75, 30.5, 30.75, 29.75, 27.5, 27.75, 28.75, 30.5, 30.5, 30.0, 29.5, 29.75]"
19,43,55,"[24.0, 24.0, 23.75, 23.75, 23.5, 23.25, 23.5, 23.0, 23.75, 24.25, 23.25, 23.5, 24.0, 23.25, 23.75, 23.25, 24.0, 24.0, 24.5, 23.75, 23.75, 24.25, 24.0, 24.0, 24.25, 23.75, 24.25, 24.25, 24.25, 24.0, 24.25, 23.75, 24.0, 24.25, 24.25, 24.5, 24.25, 24.0, 24.25, 24.25, 24.75, 25.5, 25.75, 26.25, 26.25, 25.5, 25.0, 25.5, 26.25, 25.75, 25.75, 27.0, 27.5, 30.0, 31.0, 29.75, 26.0, 27.25, 28.5, 30.25, 30.0, 29.75, 29.25, 29.5]"
19,43,56,"[23.75, 24.0, 23.5, 23.75, 23.25, 23.5, 23.5, 22.5, 24.0, 24.0, 23.75, 24.25, 23.5, 23.75, 23.5, 23.5, 24.75, 23.75, 24.25, 23.75, 23.75, 24.25, 23.5, 23.5, 24.25, 23.75, 24.0, 24.25, 24.25, 24.0, 24.25, 23.5, 24.25, 24.25, 24.25, 24.5, 24.5, 24.0, 24.25, 24.5, 25.25, 25.75, 25.25, 26.0, 26.25, 25.75, 25.0, 25.25, 26.5, 26.0, 25.25, 27.0, 27.75, 30.0, 30.75, 29.75, 27.25, 27.0, 28.25, 30.0, 29.75, 29.0, 29.25, 29.0]"
19,43,56,"[24.0, 24.0, 24.0, 23.5, 23.75, 23.25, 23.25, 23.25, 24.0, 24.0, 23.75, 23.75, 23.75, 23.75, 23.75, 23.25, 24.5, 24.25, 24.0, 23.75, 24.25, 24.25, 24.25, 23.75, 24.75, 24.0, 24.0, 24.0, 24.5, 24.5, 24.5, 24.0, 24.0, 24.25, 24.5, 24.75, 24.25, 24.5, 24.5, 24.75, 25.5, 25.75, 25.5, 26.0, 26.5, 25.5, 25.5, 25.75, 27.0, 25.75, 25.5, 26.5, 27.75, 29.75, 30.75, 29.75, 27.0, 27.0, 29.25, 30.25, 29.75, 29.75, 29.5, 29.5]"
19,43,56,"[24.25, 23.75, 23.5, 23.75, 23.5, 23.25, 23.25, 23.25, 23.75, 23.75, 23.5, 23.75, 23.75, 23.75, 23.75, 23.5, 24.75, 24.0, 24.25, 24.0, 24.0, 24.25, 24.25, 23.75, 24.25, 24.0, 24.25, 24.5, 24.25, 24.5, 24.5, 24.0, 24.25, 24.5, 24.25, 24.5, 24.25, 24.5, 24.5, 24.5, 25.5, 25.25, 25.25, 26.0, 26.25, 25.25, 25.0, 25.25, 27.0, 26.0, 25.5, 26.5, 27.75, 30.0, 30.5, 29.75, 27.0, 26.75, 29.0, 30.0, 30.0, 30.25, 29.25, 29.25]"
19,43,56,"[23.75, 23.5, 24.25, 24.0, 23.75, 23.75, 23.75, 23.25, 24.5, 24.25, 23.75, 23.75, 23.25, 23.5, 23.5, 23.75, 24.75, 24.0, 24.25, 24.0, 24.25, 24.25, 23.75, 23.75, 24.5, 24.0, 24.25, 24.5, 24.25, 24.25, 24.5, 24.0, 24.5, 24.25, 24.25, 24.75, 24.5, 24.25, 24.75, 24.75, 25.25, 26.25, 25.75, 26.0, 26.5, 26.25, 25.25, 26.0, 26.5, 26.0, 26.0, 27.5, 28.0, 30.25, 31.0, 29.75, 27.0, 27.25, 29.0, 30.5, 30.75, 30.0, 29.25, 29.75]"
19,43,56,"[24.25, 23.75, 23.5, 23.75, 23.5, 23.5, 23.5, 22.75, 23.75, 24.25, 23.5, 24.0, 24.0, 23.75, 24.0, 24.0, 24.5, 24.25, 24.25, 24.25, 24.25, 24.5, 24.25, 23.5, 24.5, 24.0, 24.25, 24.5, 24.5, 24.25, 24.5, 24.0, 24.75, 24.5, 24.25, 24.75, 24.5, 24.5, 24.75, 24.5, 25.25, 25.75, 25.5, 26.5, 26.25, 25.5, 25.0, 25.25, 26.75, 26.25, 25.75, 26.75, 27.75, 29.75, 30.75, 30.0, 27.0, 27.25, 29.0, 30.25, 30.25, 30.25, 29.25, 29.5]"
19,43,56,"[24.5, 24.0, 23.75, 23.5, 23.75, 23.5, 23.25, 23.25, 23.5, 23.75, 23.75, 24.0, 23.75, 23.5, 24.0, 23.5, 24.5, 24.0, 24.25, 23.5, 24.0, 24.25, 23.75, 24.25, 24.75, 24.0, 24.25, 24.25, 24.0, 24.25, 24.75, 24.5, 24.0, 24.0, 24.25, 24.5, 24.25, 24.25, 24.75, 24.75, 25.25, 25.5, 25.75, 25.75, 26.25, 25.5, 25.25, 25.25, 26.75, 25.5, 25.75, 26.75, 27.5, 29.75, 30.75, 29.25, 27.75, 27.25, 28.75, 30.5, 30.0, 29.5, 29.75, 29.0]"
19,43,57,"[24.0, 23.75, 24.25, 24.25, 23.25, 23.5, 24.0, 23.5, 24.0, 23.75, 24.0, 24.0, 23.75, 23.75, 24.25, 24.25, 24.5, 24.25, 24.5, 23.75, 24.25, 24.5, 24.25, 24.25, 24.0, 24.25, 24.25, 24.75, 24.25, 24.5, 24.5, 24.0, 24.5, 24.25, 24.0, 24.75, 24.25, 24.25, 25.0, 25.0, 25.5, 25.75, 25.75, 26.0, 27.0, 26.0, 24.75, 26.0, 26.5, 25.25, 25.5, 26.75, 27.5, 30.25, 30.5, 29.25, 26.75, 27.25, 29.0, 30.0, 30.5, 29.25, 29.25, 30.0]"
19,43,57,"[24.0, 23.5, 23.5, 23.75, 23.75, 23.5, 23.25, 23.5, 23.75, 24.25, 23.5, 24.25, 23.75, 24.0, 23.75, 23.75, 24.5, 24.0, 24.25, 23.75, 24.25, 24.25, 23.5, 24.0, 24.5, 23.5, 24.0, 24.25, 24.25, 24.25, 24.75, 23.75, 24.5, 24.75, 24.75, 24.75, 24.5, 24.25, 24.0, 25.0, 25.25, 25.5, 25.75, 26.0, 26.75, 25.5, 25.25, 25.25, 26.75, 25.5, 25.75, 27.0, 28.0, 29.75, 31.0, 29.5, 27.0, 26.5, 29.0, 30.25, 30.25, 29.25, 29.25, 30.0]"
19,43,57,"[24.25, 23.5, 23.75, 23.75, 23.75, 23.75, 24.0, 23.75, 23.5, 24.25, 23.5, 23.75, 23.5, 23.5, 24.0, 23.5, 24.75, 24.25, 24.5, 23.75, 24.25, 24.0, 24.25, 24.0, 24.5, 24.0, 24.25, 24.5, 24.75, 24.5, 24.25, 24.5, 24.0, 24.25, 24.0, 24.5, 24.5, 24.0, 24.75, 24.25, 25.0, 25.75, 25.5, 26.0, 27.0, 25.75, 25.0, 25.75, 26.75, 26.25, 25.75, 26.75, 28.0, 30.5, 30.75, 30.0, 27.5, 27.0, 29.0, 30.5, 30.75, 30.25, 29.75, 30.0]"
19,43,57,"[24.0, 23.75, 23.25, 23.75, 23.75, 23.25, 24.0, 23.0, 23.25, 24.25, 23.25, 23.75, 23.5, 23.25, 23.5, 23.25, 24.25, 23.5, 24.0, 23.75, 24.5, 24.75, 24.25, 23.25, 24.0, 24.25, 24.0, 24.25, 24.25, 24.25, 24.75, 23.75, 24.25, 24.5, 24.5, 24.25, 24.75, 24.25, 24.75, 24.5, 25.25, 25.5, 25.5, 25.75, 26.25, 25.75, 25.25, 26.25, 26.25, 25.5, 25.25, 26.75, 27.75, 30.0, 30.75, 29.5, 27.25, 27.25, 28.5, 30.25, 30.25, 29.75, 30.0, 29.25]"
19,43,58,"[24.0, 23.5, 24.25, 23.75, 23.75, 23.5, 23.5, 23.5, 23.5, 24.25, 23.75, 23.5, 23.5, 24.25, 24.0, 24.0, 24.5, 24.25, 23.75, 24.25, 24.0, 24.0, 24.0, 23.75, 24.25, 24.0, 24.0, 24.5, 24.5, 24.0, 24.25, 24.0, 24.0, 24.25, 24.25, 24.5, 24.25, 24.0, 24.75, 24.75, 25.0, 25.25, 25.5, 25.5, 26.5, 25.0, 25.25, 25.25, 26.25, 25.75, 25.5, 27.0, 28.25, 30.25, 30.75, 29.5, 26.5, 27.0, 29.0, 30.25, 29.75, 29.5, 29.5, 29.0]"
19,43,58,"[23.75, 24.25, 23.5, 24.25, 24.0, 23.75, 23.75, 23.25, 24.0, 24.25, 24.25, 24.0, 23.75, 24.0, 24.5, 23.5, 24.5, 24.25, 24.0, 24.0, 24.25, 24.0, 24.0, 24.0, 24.25, 23.75, 24.25, 24.25, 24.25, 24.0, 24.25, 23.5, 24.5, 24.5, 24.5, 24.5, 24.5, 24.25, 25.0, 24.5, 24.75, 25.5, 25.5, 26.25, 26.25, 25.75, 25.0, 25.5, 26.75, 26.0, 25.5, 26.75, 27.5, 30.0, 31.0, 29.5, 27.25, 26.75, 28.75, 30.0, 30.25, 29.5, 29.25, 29.75]"
19,43,58,"[24.0, 24.0, 23.5, 23.75, 23.5, 23.25, 23.75, 22.75, 23.5, 24.25, 23.5, 24.0, 23.5, 23.25, 23.75, 23.5, 24.5, 24.0, 24.25, 24.0, 24.25, 24.5, 23.5, 24.0, 24.25, 24.25, 24.25, 24.25, 24.5, 24.25, 25.0, 24.0, 24.25, 24.25, 24.75, 24.25, 24.5, 24.5, 24.5, 25.0, 25.25, 25.5, 25.25, 25.75, 26.5, 25.75, 25.0, 25.5, 27.0, 25.75, 25.5, 27.0, 27.5, 30.25, 30.75, 30.0, 26.75, 26.75, 29.0, 30.5, 29.75, 29.75, 30.0, 29.25]"
19,43,58,"[23.75, 24.0, 23.25, 24.0, 23.5, 23.75, 23.75, 23.5, 24.0, 24.25, 23.25, 23.5, 23.75, 23.5, 23.5, 23.75, 24.75, 24.0, 24.25, 23.5, 24.0, 24.0, 23.75, 23.5, 24.0, 24.0, 24.25, 24.0, 24.0, 24.25, 24.75, 24.5, 24.5, 24.5, 24.25, 24.5, 24.75, 24.5, 24.75, 24.5, 25.0, 25.75, 25.75, 26.25, 26.25, 25.75, 25.75, 25.75, 26.5, 25.5, 25.5, 27.0, 27.75, 30.25, 31.25, 30.0, 27.25, 27.0, 29.0, 30.0, 30.5, 30.25, 30.5, 30.0]"
19,43,58,"[23.75, 24.0, 23.75, 23.5, 24.0, 23.75, 23.5, 23.25, 23.5, 24.25, 23.75, 23.75, 23.75, 24.0, 23.5, 23.5, 25.0, 24.0, 24.0, 24.0, 24.5, 24.5, 24.0, 24.25, 24.25, 24.0, 24.0, 24.5, 24.0, 24.5, 24.75, 23.75, 24.25, 24.5, 24.5, 24.75, 24.5, 24.5, 24.75, 24.25, 25.25, 25.75, 25.5, 26.25, 26.5, 25.75, 25.25, 25.5, 26.25, 25.5, 25.75, 27.25, 27.75, 30.0, 31.0, 29.75, 26.5, 26.75, 28.75, 30.75, 30.0, 29.0, 29.0, 29.5]"
19,43,59,"[24.0, 24.0, 23.5, 23.75, 23.75, 23.75, 24.0, 23.25, 23.75, 24.0, 23.5, 23.75, 23.75, 23.25, 23.75, 23.5, 24.75, 24.0, 24.25, 23.75, 24.0, 24.5, 24.0, 23.75, 24.25, 23.75, 24.25, 24.5, 24.5, 24.0, 24.25, 23.75, 24.25, 24.25, 24.25, 24.25, 24.25, 24.5, 24.5, 24.0, 24.75, 25.5, 25.5, 25.75, 26.5, 25.75, 25.5, 25.5, 26.5, 25.5, 25.5, 26.75, 27.75, 30.0, 30.5, 29.75, 26.75, 26.75, 28.75, 30.5, 30.25, 29.5, 29.25, 29.0]"
19,43,59,"[23.75, 23.75, 23.75, 24.0, 24.0, 23.75, 23.5, 23.0, 24.25, 24.25, 24.0, 23.75, 23.5, 23.5, 23.75, 23.75, 24.5, 24.25, 24.75, 24.0, 24.75, 24.25, 24.0, 24.0, 24.25, 24.0, 24.25, 24.75, 24.25, 24.5, 24.25, 24.75, 24.25, 24.75, 24.5, 24.75, 24.75, 24.25, 25.0, 24.75, 25.25, 26.0, 25.75, 25.75, 26.5, 25.5, 25.0, 26.0, 26.5, 26.0, 25.75, 27.0, 28.0, 30.25, 31.25, 29.75, 26.5, 27.0, 28.5, 30.75, 30.25, 29.75, 29.0, 30.25]"
19,43,59,"[23.75, 24.25, 23.75, 23.5, 23.5, 23.5, 23.75, 23.25, 23.25, 24.25, 23.5, 23.75, 23.75, 24.0, 24.25, 23.5, 24.5, 23.75, 24.25, 23.5, 24.25, 24.5, 23.75, 24.0, 24.25, 24.0, 24.5, 24.25, 24.5, 24.25, 24.5, 24.0, 24.25, 24.5, 24.5, 24.5, 24.5, 24.25, 24.5, 24.5, 25.25, 25.75, 25.5, 25.75, 26.5, 25.25, 25.25, 25.75, 26.0, 25.75, 25.75, 26.75, 28.0, 29.0, 30.75, 29.75, 27.0, 27.0, 28.75, 30.25, 30.5, 29.5, 29.25, 29.0]"
19,43,59,"[24.0, 24.5, 23.5, 23.75, 23.25, 23.75, 23.75, 23.25, 23.5, 24.0, 23.5, 24.25, 23.25, 23.75, 23.75, 23.25, 24.5, 23.75, 24.5, 23.5, 24.25, 24.5, 23.75, 24.25, 24.5, 24.25, 24.5, 24.5, 24.25, 24.25, 24.75, 23.75, 24.25, 24.75, 24.5, 24.25, 24.5, 24.25, 24.75, 24.5, 25.25, 25.25, 25.5, 26.0, 26.5, 25.5, 25.0, 25.5, 26.25, 26.0, 25.5, 27.0, 28.0, 29.75, 30.5, 30.5, 26.75, 26.5, 28.75, 30.5, 29.75, 29.5, 30.0, 29.5]"
19,43,59,"[24.0, 23.25, 23.75, 24.0, 23.5, 23.75, 23.5, 23.5, 23.75, 24.25, 23.75, 24.0, 23.5, 23.25, 23.75, 24.25, 24.5, 24.0, 24.25, 24.0, 24.0, 24.5, 23.75, 23.25, 24.5, 23.75, 24.25, 24.0, 23.75, 24.25, 24.5, 23.75, 24.0, 24.5, 24.0, 24.5, 24.25, 24.0, 24.75, 24.5, 25.5, 25.75, 25.25, 26.0, 26.5, 25.5, 25.25, 26.0, 26.5, 25.5, 25.5, 27.0, 27.5, 29.75, 30.5, 29.75, 26.75, 27.25, 28.75, 30.0, 29.75, 29.75, 29.25, 29.0]"
19,44,0,"[24.0, 24.0, 23.75, 23.5, 23.75, 23.5, 23.5, 23.5, 24.25, 24.0, 23.75, 24.0, 23.5, 23.5, 24.25, 23.75, 24.5, 24.0, 24.25, 24.0, 24.0, 24.5, 23.75, 23.5, 24.0, 24.5, 24.0, 25.0, 24.5, 24.5, 24.25, 23.75, 24.0, 24.5, 24.25, 24.25, 24.5, 24.75, 24.25, 24.5, 25.0, 25.75, 25.5, 25.75, 26.5, 25.5, 25.25, 25.75, 26.75, 25.75, 25.5, 26.5, 27.25, 29.75, 30.75, 29.5, 27.0, 27.25, 29.0, 30.25, 30.25, 29.25, 29.75, 29.0]"
19,44,0,"[24.25, 23.75, 23.5, 24.0, 23.25, 23.5, 24.0, 23.25, 23.75, 24.0, 23.75, 23.75, 23.75, 23.75, 24.25, 23.5, 24.5, 24.5, 24.75, 24.0, 24.75, 24.75, 24.5, 24.25, 24.75, 24.0, 24.5, 24.75, 24.25, 24.0, 24.5, 24.0, 24.0, 24.75, 24.5, 25.25, 24.5, 24.25, 24.5, 24.75, 26.0, 26.0, 26.0, 26.0, 26.75, 25.5, 25.75, 25.75, 26.25, 26.0, 25.5, 27.25, 27.5, 30.0, 31.0, 30.0, 27.0, 27.25, 28.75, 30.5, 30.0, 30.0, 29.5, 29.0]"
19,44,0,"[24.25, 23.75, 23.75, 23.75, 23.75, 23.0, 23.75, 23.25, 23.5, 24.0, 23.5, 24.5, 23.5, 23.25, 24.0, 24.0, 24.5, 23.5, 24.25, 24.25, 24.5, 24.0, 24.25, 23.75, 24.25, 24.0, 24.25, 24.0, 24.5, 24.25, 24.25, 24.0, 24.25, 24.5, 24.25, 24.5, 24.25, 24.0, 24.5, 24.5, 25.0, 26.0, 25.75, 26.0, 26.5, 25.75, 25.5, 25.75, 26.0, 25.75, 25.75, 27.25, 28.0, 29.75, 30.75, 29.25, 27.0, 27.0, 28.75, 30.75, 30.25, 29.25, 29.75, 30.0]"
19,44,0,"[23.75, 23.5, 23.0, 24.0, 23.5, 23.5, 23.75, 23.0, 24.0, 24.0, 23.75, 23.75, 23.5, 23.75, 24.0, 23.5, 24.5, 24.25, 24.25, 23.5, 24.25, 23.75, 23.5, 23.75, 24.75, 23.75, 24.0, 24.0, 24.25, 24.0, 24.25, 23.75, 24.25, 24.25, 24.0, 24.75, 24.0, 24.0, 24.75, 25.0, 24.75, 25.75, 25.25, 25.75, 26.0, 26.0, 25.0, 25.0, 26.5, 25.5, 25.25, 26.75, 27.5, 29.75, 30.75, 29.5, 26.5, 27.25, 28.25, 30.0, 30.25, 29.75, 29.0, 29.5]"
19,44,0,"[24.0, 23.75, 23.75, 24.0, 23.5, 24.0, 23.75, 23.25, 23.75, 24.0, 23.75, 24.0, 23.75, 23.5, 24.0, 23.75, 24.5, 23.75, 24.0, 23.75, 24.5, 24.25, 23.75, 23.75, 24.5, 24.0, 24.0, 24.25, 24.0, 24.5, 24.25, 23.75, 23.75, 24.5, 24.25, 24.25, 24.0, 24.0, 24.75, 24.5, 25.0, 25.75, 25.5, 26.25, 26.25, 25.75, 25.25, 25.5, 25.75, 25.75, 25.25, 26.75, 27.0, 29.25, 30.5, 29.5, 26.5, 27.25, 28.75, 30.25, 29.5, 29.25, 29.0, 29.5]"
19,44,1,"[23.5, 23.5, 23.75, 23.75, 23.25, 23.25, 23.0, 23.25, 23.5, 23.5, 23.5, 23.75, 23.5, 23.5, 23.75, 23.5, 24.5, 23.75, 23.5, 23.5, 24.0, 23.5, 23.5, 24.0, 24.0, 24.0, 24.25, 23.75, 24.25, 24.0, 24.0, 24.0, 23.75, 24.25, 24.0, 24.25, 24.25, 24.25, 24.25, 24.25, 24.75, 25.25, 25.5, 25.75, 26.25, 25.25, 24.75, 26.25, 26.5, 25.25, 25.25, 26.75, 27.0, 29.5, 30.25, 29.25, 27.0, 27.0, 28.5, 30.25, 30.0, 29.0, 29.0, 29.5]"
19,44,1,"[23.75, 23.5, 23.5, 23.5, 23.25, 23.5, 23.75, 23.0, 23.5, 24.0, 24.0, 23.5, 24.0, 24.0, 23.5, 23.25, 24.5, 23.75, 24.0, 23.5, 23.75, 24.25, 24.25, 23.75, 24.25, 23.5, 24.0, 23.75, 24.0, 24.0, 24.25, 24.0, 24.25, 24.25, 24.0, 24.5, 24.25, 24.0, 24.25, 24.25, 25.0, 25.5, 25.25, 26.5, 26.5, 25.5, 25.0, 25.5, 26.5, 25.5, 25.75, 26.5, 27.5, 30.0, 30.75, 29.25, 26.75, 27.25, 28.75, 30.25, 29.75, 29.75, 29.5, 29.0]"
19,44,1,"[23.5, 23.5, 23.25, 23.75, 23.25, 23.0, 23.25, 23.0, 23.5, 24.25, 23.25, 23.25, 23.25, 23.75, 23.5, 23.25, 24.0, 23.5, 24.25, 23.5, 24.0, 24.0, 23.75, 23.25, 24.25, 23.75, 24.25, 23.75, 24.0, 24.0, 24.0, 23.75, 24.0, 24.25, 23.75, 24.25, 24.25, 23.75, 24.5, 23.75, 25.25, 26.0, 25.0, 25.75, 26.25, 25.5, 25.0, 25.5, 26.5, 25.5, 25.5, 26.75, 27.5, 29.25, 31.0, 29.5, 26.25, 26.25, 29.0, 30.0, 29.75, 29.75, 29.0, 29.0]"
19,44,1,"[23.5, 23.75, 23.5, 24.0, 23.25, 23.0, 23.5, 23.0, 23.5, 23.5, 23.5, 23.75, 23.25, 23.75, 23.75, 23.25, 24.0, 23.75, 24.0, 23.5, 23.75, 24.25, 23.75, 23.75, 24.0, 23.5, 23.75, 24.0, 23.25, 24.0, 24.0, 24.0, 24.75, 24.0, 24.0, 24.0, 24.25, 24.25, 24.5, 24.5, 25.25, 25.5, 25.5, 26.0, 26.5, 25.5, 24.5, 25.5, 26.0, 24.5, 25.25, 26.75, 27.5, 29.5, 30.5, 29.5, 26.0, 27.0, 28.5, 30.0, 29.75, 29.75, 29.0, 28.5]"
19,44,1,"[23.75, 24.0, 23.75, 24.0, 23.5, 23.25, 23.5, 23.0, 23.5, 24.0, 23.5, 23.75, 23.5, 23.5, 24.0, 24.25, 24.25, 23.75, 24.0, 23.75, 24.0, 23.75, 24.0, 24.25, 24.0, 24.25, 24.0, 24.25, 24.25, 24.25, 24.5, 23.5, 24.0, 24.5, 24.25, 24.25, 24.5, 24.25, 24.25, 24.25, 25.0, 25.75, 25.25, 25.75, 26.0, 25.5, 25.25, 25.5, 26.25, 25.75, 25.25, 26.25, 27.75, 30.0, 31.0, 29.75, 27.0, 26.5, 28.5, 30.0, 30.0, 29.75, 29.75, 29.0]"
19,44,2,"[23.25, 23.75, 23.25, 23.25, 23.25, 23.25, 23.5, 23.0, 23.75, 23.5, 23.5, 23.25, 23.5, 23.5, 24.0, 23.5, 24.25, 24.25, 24.0, 23.25, 24.0, 24.0, 23.5, 23.25, 23.75, 24.0, 23.75, 24.0, 23.75, 24.0, 24.0, 23.75, 23.75, 24.0, 24.25, 24.0, 24.25, 24.0, 24.25, 24.0, 25.0, 25.25, 25.0, 25.25, 26.0, 25.25, 25.0, 25.25, 26.5, 24.75, 25.5, 26.25, 27.25, 29.5, 30.5, 29.25, 26.25, 26.5, 28.75, 29.75, 30.25, 29.25, 29.0, 29.25]"
19,44,2,"[23.5, 23.25, 23.5, 23.5, 23.0, 23.5, 23.25, 23.5, 24.0, 23.25, 23.0, 23.25, 22.75, 23.5, 23.5, 23.0, 24.0, 23.5, 23.75, 23.5, 23.75, 24.25, 23.75, 23.75, 24.0, 23.5, 24.0, 23.75, 23.75, 24.0, 24.0, 23.5, 23.5, 24.5, 23.75, 24.25, 23.75, 24.5, 24.25, 24.25, 25.25, 25.5, 25.5, 25.75, 25.75, 25.5, 25.0, 25.75, 26.75, 25.75, 25.75, 26.5, 27.5, 30.0, 31.0, 29.25, 27.25, 26.5, 28.75, 30.0, 30.0, 29.75, 29.25, 29.5]"
19,44,2,"[24.0, 23.5, 23.25, 23.5, 23.0, 23.5, 23.5, 22.5, 23.5, 23.5, 23.5, 23.25, 23.25, 23.75, 23.25, 23.5, 23.75, 23.75, 24.0, 23.5, 23.75, 23.75, 23.5, 23.5, 24.0, 23.75, 23.75, 24.25, 24.0, 23.75, 24.0, 24.0, 24.0, 23.75, 23.75, 24.5, 24.25, 24.25, 24.0, 24.25, 24.75, 25.25, 25.5, 25.5, 26.5, 25.5, 25.5, 25.5, 26.5, 25.25, 25.0, 26.75, 27.25, 29.5, 30.25, 29.25, 27.25, 27.0, 29.25, 30.25, 30.0, 30.0, 29.0, 29.75]"
19,44,2,"[24.0, 24.0, 23.25, 23.0, 23.0, 23.25, 23.0, 22.75, 23.0, 23.75, 23.0, 23.5, 23.25, 23.25, 23.5, 23.5, 24.25, 23.5, 23.75, 23.5, 23.75, 24.0, 23.25, 23.75, 24.5, 23.75, 24.0, 24.0, 23.75, 23.75, 24.25, 23.75, 24.25, 24.25, 24.25, 24.25, 24.0, 24.0, 24.75, 24.5, 25.0, 25.5, 25.25, 25.5, 26.25, 25.0, 24.5, 25.0, 26.25, 25.75, 25.25, 26.25, 27.25, 29.75, 30.75, 29.0, 27.25, 27.0, 28.75, 29.75, 29.5, 29.0, 29.25, 29.0]"
19,44,2,"[23.75, 23.5, 23.25, 24.0, 23.25, 23.5, 23.25, 23.5, 24.0, 24.0, 24.25, 23.5, 23.5, 23.5, 23.75, 23.5, 24.5, 24.0, 24.0, 23.75, 24.0, 23.75, 24.0, 23.5, 24.0, 24.25, 24.0, 24.25, 24.25, 24.0, 24.5, 23.75, 24.0, 24.5, 24.0, 24.25, 24.25, 23.75, 24.5, 23.75, 25.0, 25.5, 25.25, 25.5, 26.25, 25.25, 25.0, 25.75, 26.5, 25.5, 25.5, 26.5, 27.25, 29.5, 30.75, 29.5, 26.5, 26.5, 29.25, 30.25, 29.75, 29.75, 29.25, 28.5]"
19,44,3,"[23.5, 23.75, 23.25, 23.5, 23.25, 23.5, 23.75, 23.0, 23.5, 23.5, 23.25, 23.5, 23.5, 23.0, 23.75, 23.0, 24.0, 23.5, 23.75, 23.5, 24.0, 24.0, 23.75, 23.75, 24.5, 23.5, 24.5, 24.0, 23.5, 23.75, 24.5, 23.5, 24.0, 24.25, 24.0, 24.25, 24.0, 23.75, 24.0, 24.5, 24.75, 25.25, 25.5, 25.5, 26.0, 25.5, 25.0, 25.0, 26.25, 25.0, 25.5, 26.5, 27.25, 30.0, 30.5, 29.25, 26.5, 27.25, 29.0, 30.25, 30.75, 29.75, 29.5, 29.0]"
19,44,3,"[23.75, 23.75, 23.25, 23.25, 23.25, 23.5, 23.5, 22.75, 23.5, 23.25, 23.25, 23.75, 23.25, 23.0, 23.5, 23.5, 24.5, 23.75, 23.5, 23.75, 23.5, 23.5, 23.5, 23.5, 24.25, 23.25, 24.0, 24.0, 24.25, 23.75, 24.5, 24.0, 24.0, 24.25, 24.0, 23.75, 24.0, 24.25, 24.5, 24.25, 25.25, 25.5, 25.0, 25.5, 26.0, 25.0, 25.0, 24.75, 26.75, 25.0, 25.75, 27.0, 27.0, 29.0, 30.75, 29.75, 26.75, 26.5, 28.25, 30.25, 29.5, 29.5, 29.25, 29.75]"
19,44,3,"[24.0, 23.5, 22.75, 23.5, 23.5, 23.25, 23.25, 23.0, 23.5, 24.0, 23.0, 23.25, 23.25, 23.25, 23.25, 23.5, 24.0, 23.75, 24.0, 23.75, 24.25, 24.0, 24.0, 23.5, 24.25, 24.0, 23.75, 24.5, 24.75, 23.75, 24.5, 23.75, 23.75, 23.75, 24.25, 24.0, 24.0, 24.0, 24.25, 24.5, 24.5, 25.25, 25.5, 25.75, 26.0, 25.5, 25.0, 25.25, 26.25, 25.25, 25.25, 26.5, 27.75, 30.0, 31.0, 29.25, 26.75, 26.5, 29.0, 30.5, 30.0, 29.25, 29.5, 29.5]"
19,44,3,"[23.5, 23.75, 23.25, 23.75, 23.5, 23.25, 23.5, 23.25, 23.5, 24.0, 23.5, 23.25, 23.5, 23.5, 23.0, 23.25, 24.0, 23.75, 24.0, 23.75, 24.25, 24.0, 24.0, 23.5, 24.25, 23.25, 23.75, 24.0, 23.75, 24.0, 24.0, 23.75, 24.25, 24.5, 24.75, 24.5, 24.5, 24.0, 24.75, 24.0, 25.25, 25.5, 25.0, 25.75, 26.25, 25.25, 25.25, 25.5, 26.25, 25.5, 25.5, 26.5, 27.25, 30.0, 30.5, 29.5, 26.5, 26.5, 28.5, 30.25, 30.0, 29.5, 29.5, 29.5]"
19,44,3,"[23.75, 24.0, 23.25, 23.5, 23.75, 23.5, 23.5, 23.0, 24.0, 24.0, 23.5, 23.75, 23.75, 23.5, 23.5, 23.75, 24.25, 23.75, 24.5, 23.5, 24.0, 23.75, 24.0, 23.75, 24.5, 24.0, 24.5, 24.5, 24.0, 24.0, 24.5, 23.75, 24.25, 24.5, 24.25, 24.5, 24.0, 24.0, 24.25, 24.25, 25.25, 25.75, 25.5, 26.0, 26.25, 25.5, 25.25, 25.5, 26.5, 25.5, 25.5, 26.75, 28.0, 29.75, 30.75, 29.5, 27.0, 27.0, 29.25, 30.25, 30.25, 29.75, 29.5, 29.75]"
19,44,4,"[24.0, 23.75, 23.25, 23.25, 23.75, 23.5, 23.75, 23.0, 23.5, 24.5, 23.5, 23.5, 23.5, 23.25, 23.75, 23.75, 24.5, 24.0, 24.25, 23.75, 24.25, 24.25, 24.0, 23.75, 24.0, 23.75, 24.0, 24.25, 24.0, 23.75, 24.25, 23.5, 24.25, 24.5, 24.5, 24.25, 24.0, 24.25, 24.25, 24.25, 25.0, 25.75, 25.5, 25.75, 26.25, 25.5, 24.75, 25.25, 26.25, 25.75, 25.75, 26.75, 27.75, 29.75, 31.0, 29.25, 27.0, 27.25, 28.25, 29.75, 30.0, 29.0, 29.25, 29.75]"
19,44,4,"[24.0, 23.75, 23.0, 23.25, 23.0, 23.25, 23.5, 23.0, 23.5, 23.75, 23.25, 23.75, 23.5, 23.25, 23.5, 23.5, 24.25, 23.5, 24.0, 23.75, 24.0, 23.75, 23.5, 24.0, 24.25, 24.25, 24.0, 24.5, 24.25, 24.25, 24.25, 23.75, 24.75, 24.5, 24.25, 24.75, 24.25, 24.25, 24.25, 24.75, 25.5, 25.25, 25.25, 25.75, 26.25, 25.0, 25.5, 25.25, 26.0, 25.75, 25.75, 26.75, 26.75, 29.75, 30.5, 29.5, 27.0, 27.0, 28.75, 30.0, 29.5, 29.75, 29.0, 30.0]"
19,44,4,"[24.0, 24.25, 23.5, 23.5, 23.75, 23.5, 23.5, 24.0, 23.5, 23.5, 23.75, 23.75, 23.25, 23.5, 24.0, 23.5, 24.75, 23.5, 24.25, 23.5, 24.25, 24.0, 24.0, 23.75, 24.25, 24.25, 24.5, 24.5, 24.0, 24.5, 24.5, 23.75, 24.25, 24.0, 24.0, 24.25, 24.0, 24.5, 24.25, 24.75, 25.0, 25.5, 25.0, 26.0, 26.0, 25.75, 25.5, 25.5, 26.25, 25.75, 25.5, 26.75, 28.0, 29.75, 31.0, 29.75, 26.75, 27.25, 28.75, 30.25, 30.0, 29.5, 29.5, 29.0]"
19,44,4,"[23.5, 23.75, 23.5, 23.5, 23.25, 23.5, 23.5, 23.25, 23.75, 24.0, 23.5, 23.25, 23.5, 23.5, 23.75, 23.75, 24.5, 23.75, 24.25, 23.75, 24.0, 24.25, 23.75, 24.0, 24.25, 23.75, 24.0, 24.25, 23.75, 24.0, 24.25, 23.75, 24.0, 24.25, 24.5, 24.5, 24.25, 24.0, 24.75, 24.75, 25.5, 25.5, 25.5, 26.0, 26.5, 25.5, 25.25, 25.0, 26.0, 25.75, 25.75, 27.0, 27.5, 29.75, 31.0, 29.5, 27.25, 27.0, 29.0, 30.25, 30.0, 29.5, 29.5, 29.25]"
19,44,4,"[23.75, 24.0, 23.25, 23.75, 23.5, 23.5, 23.5, 23.0, 23.25, 24.5, 23.5, 23.75, 23.5, 23.5, 24.0, 23.75, 24.25, 24.25, 24.25, 23.5, 24.0, 24.0, 23.5, 24.0, 24.5, 24.25, 24.25, 24.0, 24.25, 23.75, 24.5, 24.25, 24.0, 24.5, 24.5, 24.5, 24.25, 24.0, 24.75, 24.5, 25.25, 25.75, 25.75, 26.25, 26.5, 25.5, 25.0, 25.75, 26.5, 25.75, 25.5, 27.0, 27.5, 29.75, 30.5, 29.75, 27.25, 27.25, 28.75, 30.0, 30.25, 29.75, 29.5, 30.0]"
19,44,5,"[23.5, 24.0, 23.5, 23.5, 23.5, 23.25, 23.25, 23.25, 23.25, 24.25, 23.75, 24.0, 23.5, 23.5, 23.5, 23.5, 24.0, 24.0, 24.0, 23.75, 24.5, 23.75, 23.75, 23.75, 24.25, 24.0, 24.25, 24.25, 24.25, 24.25, 24.0, 24.0, 23.75, 24.25, 24.5, 24.5, 24.75, 24.25, 24.5, 24.25, 25.0, 25.5, 25.25, 26.0, 26.25, 25.75, 25.0, 25.0, 26.0, 25.5, 25.25, 27.25, 27.0, 29.75, 30.75, 30.0, 26.5, 26.75, 28.75, 30.25, 30.0, 29.75, 29.0, 29.75]"
19,44,5,"[23.5, 23.5, 23.5, 24.25, 23.75, 23.5, 23.5, 23.0, 23.5, 24.0, 24.0, 24.25, 23.25, 23.5, 23.5, 23.25, 24.0, 23.5, 24.5, 23.5, 24.0, 24.0, 24.0, 23.75, 24.25, 23.75, 24.25, 24.25, 24.75, 24.0, 24.5, 23.75, 24.0, 24.0, 24.0, 24.25, 24.0, 24.0, 24.25, 24.25, 25.0, 25.75, 25.5, 25.75, 26.25, 25.5, 25.25, 25.25, 26.5, 25.25, 25.75, 26.75, 28.0, 29.5, 30.75, 30.25, 27.0, 27.0, 28.75, 30.5, 30.25, 30.25, 29.0, 29.0]"
19,44,5,"[23.75, 23.75, 23.5, 23.75, 23.25, 23.75, 23.75, 23.0, 24.0, 24.0, 23.5, 23.5, 23.5, 24.0, 23.75, 23.5, 24.0, 24.25, 24.25, 24.0, 23.75, 24.25, 24.0, 24.25, 24.25, 24.0, 24.25, 23.75, 24.0, 23.75, 24.5, 24.0, 24.25, 24.25, 24.5, 24.75, 24.0, 24.0, 24.75, 24.5, 25.5, 25.5, 25.75, 25.75, 26.25, 25.5, 24.75, 25.0, 26.5, 25.5, 25.75, 27.0, 27.5, 29.75, 30.75, 29.5, 26.75, 27.25, 28.25, 30.0, 30.0, 30.0, 29.5, 29.5]"
19,44,5,"[24.0, 23.75, 23.5, 23.75, 23.75, 23.5, 23.5, 23.25, 23.75, 23.75, 23.25, 23.75, 23.5, 23.25, 23.75, 23.25, 24.25, 24.0, 24.0, 24.0, 23.75, 24.25, 24.25, 24.0, 24.0, 24.0, 23.75, 24.0, 24.25, 24.5, 24.5, 24.25, 24.0, 24.75, 24.25, 24.0, 24.5, 24.0, 24.5, 24.25, 25.25, 25.25, 25.75, 25.25, 26.5, 25.25, 25.0, 25.25, 26.25, 25.5, 26.0, 26.75, 27.75, 29.75, 31.0, 29.25, 27.0, 27.25, 28.25, 30.25, 30.0, 29.25, 29.5, 29.25]"
19,44,6,"[24.0, 24.0, 23.5, 23.75, 23.75, 23.25, 23.75, 23.5, 23.5, 24.0, 23.5, 23.75, 24.0, 23.5, 24.0, 23.75, 24.5, 24.25, 24.0, 23.75, 24.0, 24.0, 23.75, 23.75, 24.75, 24.25, 24.0, 24.25, 24.0, 24.0, 24.75, 23.5, 24.25, 24.5, 24.0, 24.75, 24.0, 24.5, 24.75, 25.0, 25.0, 25.5, 25.25, 25.75, 26.75, 25.5, 25.0, 25.5, 26.75, 26.0, 25.5, 27.0, 27.5, 29.5, 30.25, 29.5, 26.75, 26.75, 29.0, 30.25, 29.75, 29.75, 29.5, 28.75]"
19,44,6,"[23.75, 23.75, 23.75, 24.0, 23.75, 23.25, 23.25, 22.75, 24.0, 24.5, 24.0, 23.75, 23.75, 23.5, 24.0, 23.25, 24.5, 24.25, 24.0, 23.75, 24.25, 24.25, 23.5, 24.25, 24.75, 24.0, 24.0, 24.25, 24.5, 24.0, 24.75, 23.75, 24.25, 24.5, 24.25, 24.25, 24.25, 24.0, 24.75, 24.25, 25.25, 25.75, 25.5, 25.75, 26.25, 25.25, 25.75, 25.25, 26.5, 25.5, 26.25, 27.0, 27.5, 29.75, 30.75, 29.75, 27.0, 26.75, 28.25, 30.25, 30.0, 29.75, 29.5, 29.25]"
19,44,6,"[24.5, 23.75, 23.25, 23.75, 23.5, 23.25, 24.0, 23.5, 24.0, 24.0, 23.75, 24.25, 23.75, 23.75, 24.25, 23.75, 24.5, 24.0, 24.5, 23.75, 24.25, 24.25, 24.5, 24.25, 24.5, 23.75, 24.5, 24.25, 24.5, 24.25, 24.75, 24.25, 24.0, 24.5, 24.5, 24.5, 24.25, 24.5, 24.75, 24.75, 25.75, 25.75, 26.0, 25.75, 26.75, 25.75, 25.0, 25.25, 26.75, 25.75, 25.75, 26.75, 27.75, 29.75, 30.5, 29.75, 27.25, 27.5, 29.0, 30.75, 30.25, 30.25, 29.25, 29.75]"
19,44,6,"[24.5, 24.0, 23.75, 24.0, 23.25, 23.75, 23.5, 23.25, 23.5, 24.25, 24.25, 23.75, 23.5, 23.25, 23.5, 24.0, 24.75, 24.5, 24.25, 23.75, 24.5, 24.25, 24.0, 23.75, 24.25, 24.0, 24.0, 24.5, 23.75, 24.0, 24.5, 23.75, 23.75, 24.75, 24.25, 24.5, 24.0, 24.25, 24.75, 24.75, 24.75, 25.5, 25.25, 26.25, 26.0, 25.75, 24.75, 25.75, 26.75, 25.75, 25.5, 26.75, 27.75, 29.5, 30.75, 29.25, 26.75, 27.25, 28.5, 30.5, 30.0, 29.75, 29.5, 29.0]"
19,44,7,"[24.0, 23.5, 23.5, 23.75, 23.5, 23.5, 24.0, 22.75, 23.5, 24.25, 23.5, 23.75, 23.5, 23.75, 23.75, 23.25, 24.5, 23.75, 24.75, 23.75, 24.25, 24.0, 23.75, 23.5, 24.25, 24.25, 23.75, 24.5, 24.5, 24.25, 24.25, 23.5, 23.75, 24.5, 24.5, 24.75, 24.0, 24.75, 24.75, 24.25, 24.75, 25.75, 25.25, 26.0, 26.25, 25.75, 25.0, 25.75, 26.5, 26.0, 25.5, 27.0, 27.75, 29.5, 31.0, 29.75, 27.0, 27.0, 28.75, 30.5, 30.75, 29.75, 29.75, 29.5]"
19,44,7,"[23.75, 24.0, 23.5, 23.25, 23.5, 23.25, 23.25, 23.0, 23.75, 24.0, 23.5, 24.0, 23.5, 23.5, 23.75, 23.5, 24.5, 23.75, 24.0, 23.75, 24.0, 24.25, 24.0, 23.25, 24.25, 24.0, 24.25, 24.0, 24.25, 24.25, 24.5, 23.75, 24.25, 24.5, 24.0, 24.25, 24.5, 24.25, 24.75, 24.5, 25.0, 25.5, 25.5, 26.25, 26.0, 25.5, 25.25, 25.5, 26.5, 25.75, 25.25, 27.0, 27.5, 30.0, 31.0, 29.25, 27.25, 27.25, 28.25, 30.5, 29.5, 29.5, 29.5, 29.5]"
19,44,7,"[23.75, 23.75, 23.5, 23.75, 23.0, 23.5, 23.25, 22.5, 23.75, 24.25, 23.5, 23.75, 23.5, 23.75, 23.5, 23.5, 24.25, 24.5, 24.0, 23.75, 24.0, 24.0, 23.75, 23.5, 24.0, 24.0, 24.25, 24.5, 24.25, 24.0, 24.25, 24.5, 24.0, 24.25, 24.25, 24.75, 24.5, 24.5, 24.5, 24.25, 25.25, 25.5, 25.75, 26.0, 26.25, 25.75, 25.5, 25.75, 26.0, 25.75, 25.25, 26.75, 27.75, 29.75, 30.75, 29.5, 27.0, 27.0, 28.5, 30.5, 30.0, 29.75, 29.5, 29.25]"
19,44,7,"[24.0, 24.0, 23.5, 23.75, 23.25, 23.75, 23.25, 23.25, 23.5, 24.0, 23.5, 24.0, 23.5, 23.75, 24.0, 23.5, 24.25, 24.25, 24.0, 24.0, 24.25, 24.0, 23.75, 24.0, 24.5, 24.0, 24.5, 24.0, 24.75, 24.25, 24.25, 24.25, 23.75, 25.0, 24.25, 24.5, 24.25, 24.5, 24.5, 24.5, 25.25, 25.25, 25.25, 26.0, 26.25, 25.5, 25.0, 26.25, 26.25, 25.75, 25.5, 26.75, 27.5, 30.0, 31.0, 29.75, 27.0, 26.75, 28.5, 30.25, 30.0, 29.5, 29.0, 29.75]"
19,44,7,"[23.75, 23.75, 23.5, 23.75, 23.5, 23.5, 24.0, 23.5, 23.75, 24.25, 23.5, 24.0, 24.0, 23.75, 23.75, 23.25, 24.5, 23.75, 24.25, 23.75, 24.25, 24.25, 24.25, 24.0, 24.25, 24.25, 24.25, 24.0, 24.25, 24.5, 24.5, 24.5, 24.5, 24.0, 24.0, 24.25, 24.5, 24.25, 24.25, 24.25, 25.0, 26.25, 26.0, 26.0, 26.25, 25.75, 25.25, 25.75, 27.0, 25.5, 25.75, 26.75, 27.75, 30.0, 31.0, 29.75, 26.5, 27.0, 28.5, 30.25, 30.0, 30.0, 29.5, 29.25]"
19,44,8,"[24.0, 24.0, 24.0, 23.5, 23.5, 23.75, 23.75, 23.5, 23.5, 24.25, 23.75, 23.75, 23.75, 24.0, 24.25, 23.5, 25.0, 24.0, 24.5, 24.0, 24.25, 24.25, 24.0, 23.75, 24.25, 24.0, 24.25, 24.0, 24.5, 24.25, 24.5, 24.5, 24.0, 24.5, 24.5, 25.0, 24.5, 24.5, 24.75, 25.0, 25.75, 25.75, 25.25, 26.0, 27.0, 26.0, 25.0, 25.25, 27.0, 25.5, 25.75, 27.25, 28.0, 30.0, 30.5, 29.25, 27.25, 26.75, 28.75, 30.75, 30.25, 29.5, 29.5, 29.75]"
19,44,8,"[24.5, 24.0, 23.5, 23.5, 23.5, 23.75, 23.5, 23.25, 23.5, 24.0, 24.0, 23.75, 23.25, 23.75, 24.0, 23.75, 24.25, 24.25, 24.25, 23.75, 23.5, 24.0, 24.0, 24.0, 24.5, 24.0, 24.25, 24.5, 24.0, 24.5, 24.25, 24.0, 24.0, 24.5, 24.25, 24.5, 24.25, 24.0, 24.75, 24.5, 25.5, 25.25, 25.75, 26.0, 26.5, 25.5, 25.25, 25.5, 26.5, 25.5, 25.5, 27.0, 27.5, 29.75, 31.0, 30.25, 27.5, 26.5, 28.75, 30.5, 30.25, 29.75, 29.25, 30.0]"
19,44,8,"[24.25, 24.25, 23.75, 24.5, 23.75, 23.5, 23.5, 23.75, 24.25, 24.5, 23.5, 24.0, 23.75, 23.5, 23.5, 24.0, 24.5, 24.0, 24.25, 23.75, 24.25, 24.25, 24.0, 24.0, 24.25, 24.25, 24.75, 24.5, 24.5, 24.25, 24.5, 24.0, 24.5, 24.5, 24.25, 25.0, 24.75, 24.75, 25.0, 25.0, 25.5, 26.0, 25.75, 25.75, 26.5, 26.0, 25.5, 25.5, 26.5, 25.75, 25.75, 27.0, 27.25, 30.0, 30.75, 29.75, 27.0, 27.0, 28.75, 30.25, 30.5, 29.75, 29.5, 29.5]"
19,44,8,"[24.75, 23.75, 23.25, 24.0, 23.5, 23.75, 23.75, 22.75, 23.75, 24.0, 23.75, 23.75, 23.75, 23.5, 23.75, 23.5, 24.25, 23.75, 24.5, 23.5, 24.0, 24.5, 23.5, 23.75, 24.25, 24.0, 24.25, 24.5, 24.25, 24.25, 24.75, 23.75, 23.75, 24.25, 24.25, 24.5, 24.25, 24.25, 24.5, 24.5, 24.75, 25.5, 25.5, 26.0, 26.25, 25.75, 25.0, 26.0, 26.0, 25.5, 25.75, 26.75, 27.5, 29.5, 31.0, 29.5, 27.0, 26.75, 28.75, 30.5, 30.0, 29.75, 29.25, 29.5]"
19,44,9,"[24.0, 24.0, 23.75, 23.5, 23.25, 23.5, 23.75, 23.0, 24.0, 24.25, 23.75, 23.75, 23.25, 23.75, 23.5, 23.75, 24.25, 23.75, 24.5, 24.25, 24.25, 24.5, 24.0, 23.75, 24.25, 24.25, 24.25, 24.5, 24.0, 24.25, 24.5, 24.5, 24.5, 24.5, 24.25, 24.5, 24.25, 24.5, 24.5, 24.25, 25.25, 25.5, 25.5, 26.25, 26.25, 25.75, 25.25, 25.25, 26.25, 25.5, 25.5, 27.0, 27.75, 30.0, 30.5, 29.5, 26.0, 26.75, 28.5, 30.5, 30.0, 29.75, 28.75, 29.25]"
19,44,9,"[24.0, 24.0, 23.5, 23.5, 23.75, 23.75, 23.25, 23.0, 24.0, 24.0, 23.5, 23.5, 23.5, 23.5, 23.5, 23.75, 24.5, 24.0, 24.25, 23.75, 24.25, 24.25, 24.0, 24.5, 24.75, 24.0, 24.25, 24.25, 24.25, 24.25, 24.0, 24.0, 24.0, 24.5, 24.5, 24.75, 24.25, 24.25, 24.5, 24.75, 25.0, 25.75, 25.5, 25.75, 26.5, 25.75, 25.0, 25.5, 26.5, 26.5, 26.0, 27.0, 27.5, 30.25, 30.75, 29.75, 27.0, 26.75, 28.75, 30.5, 30.25, 29.5, 29.0, 29.25]"
19,44,9,"[23.75, 23.75, 23.25, 23.5, 23.25, 23.75, 23.75, 23.25, 24.0, 24.5, 23.5, 23.25, 23.5, 23.25, 24.0, 24.0, 24.5, 24.0, 24.25, 23.75, 23.75, 24.25, 24.0, 23.75, 24.5, 24.0, 24.0, 24.25, 24.25, 24.5, 24.5, 24.0, 24.25, 24.25, 24.25, 24.5, 24.25, 24.25, 24.25, 24.5, 25.5, 26.0, 25.5, 25.75, 26.5, 26.0, 25.5, 25.5, 26.75, 25.75, 25.75, 27.0, 28.0, 30.0, 30.75, 29.5, 27.25, 26.75, 28.75, 30.25, 30.25, 29.5, 29.25, 29.75]"
19,44,9,"[24.0, 23.75, 24.0, 23.75, 24.0, 23.75, 24.0, 22.75, 23.75, 24.5, 23.75, 23.5, 23.75, 23.75, 24.25, 23.75, 24.75, 24.0, 24.5, 23.75, 24.5, 24.25, 24.5, 24.0, 24.25, 24.0, 24.25, 24.5, 24.75, 24.75, 24.75, 24.0, 24.25, 24.25, 24.5, 24.5, 24.25, 24.0, 24.75, 25.0, 25.25, 25.5, 25.75, 26.25, 26.5, 25.75, 25.0, 25.5, 27.0, 25.75, 25.75, 27.0, 27.5, 30.25, 31.25, 29.75, 27.5, 27.0, 29.25, 30.25, 30.0, 30.0, 29.5, 29.5]"
19,44,9,"[23.5, 23.75, 23.5, 23.5, 23.25, 23.75, 23.75, 23.5, 24.5, 24.5, 23.5, 23.75, 23.5, 23.5, 23.75, 24.0, 24.25, 23.5, 24.0, 23.75, 24.25, 24.0, 23.5, 24.0, 23.5, 24.0, 24.5, 24.25, 24.5, 24.0, 24.5, 24.0, 24.0, 24.75, 24.0, 24.5, 24.25, 24.25, 24.75, 24.5, 25.0, 25.0, 25.25, 25.5, 26.75, 25.5, 25.0, 25.25, 26.5, 26.25, 25.5, 26.75, 28.0, 30.25, 30.75, 29.5, 26.75, 27.25, 28.75, 30.5, 29.75, 29.75, 29.25, 29.5]"
19,44,10,"[23.5, 24.0, 23.25, 23.75, 23.5, 23.5, 24.0, 23.0, 24.0, 23.5, 23.5, 23.5, 23.25, 23.75, 23.75, 23.75, 24.25, 23.75, 24.0, 23.75, 24.25, 23.75, 23.75, 24.0, 24.25, 23.75, 24.5, 24.25, 24.5, 24.5, 24.75, 23.5, 24.25, 24.25, 24.25, 24.5, 24.0, 23.75, 24.75, 24.5, 25.5, 25.75, 25.5, 25.75, 26.25, 25.75, 25.0, 25.5, 26.25, 26.25, 25.5, 26.75, 27.5, 30.25, 31.0, 30.25, 27.25, 27.25, 29.0, 30.25, 30.0, 29.75, 29.75, 29.0]"
19,44,10,"[24.0, 24.0, 23.5, 24.0, 23.5, 23.75, 23.75, 23.5, 23.5, 24.25, 23.5, 23.75, 23.75, 23.75, 24.5, 23.5, 25.0, 24.25, 24.75, 23.75, 24.0, 24.0, 23.75, 23.75, 24.5, 24.5, 24.0, 24.25, 24.5, 24.25, 24.25, 23.75, 24.25, 24.75, 24.25, 24.5, 24.5, 24.5, 24.5, 24.25, 24.75, 25.75, 25.5, 26.0, 26.5, 25.25, 24.75, 25.75, 26.75, 25.5, 25.5, 27.0, 27.5, 29.75, 31.0, 29.5, 27.25, 26.75, 28.75, 30.5, 30.25, 29.5, 29.5, 29.0]"
19,44,10,"[24.0, 24.0, 23.25, 23.75, 23.75, 23.25, 23.5, 23.25, 24.25, 24.25, 24.0, 24.25, 23.75, 23.5, 24.25, 23.25, 24.25, 24.25, 24.25, 23.5, 24.0, 24.0, 24.0, 24.0, 24.0, 24.25, 24.25, 24.25, 24.0, 24.5, 24.25, 23.25, 24.0, 24.75, 24.25, 24.5, 24.5, 24.5, 24.75, 24.5, 25.5, 25.5, 25.0, 25.75, 26.0, 25.75, 25.25, 25.5, 26.75, 25.75, 25.5, 26.75, 27.25, 29.75, 30.75, 29.5, 27.5, 27.25, 28.5, 30.75, 29.75, 29.75, 29.5, 28.75]"
19,44,10,"[23.5, 23.5, 23.5, 24.0, 23.25, 23.25, 23.5, 23.0, 23.75, 24.25, 23.5, 23.75, 24.0, 23.5, 24.5, 23.75, 24.0, 23.75, 24.5, 24.0, 24.25, 24.25, 24.0, 24.25, 24.5, 24.0, 24.5, 24.25, 24.25, 24.25, 24.25, 24.25, 24.25, 24.5, 24.5, 25.0, 24.0, 24.25, 24.75, 24.5, 25.5, 25.75, 26.0, 26.0, 26.75, 25.75, 25.75, 26.0, 27.0, 25.5, 25.75, 27.0, 27.5, 30.25, 30.75, 29.25, 27.75, 27.5, 29.5, 30.75, 30.25, 30.5, 29.5, 29.0]"
19,44,10,"[24.25, 23.75, 23.5, 23.75, 23.5, 23.5, 23.5, 23.75, 24.0, 24.0, 23.75, 24.0, 23.75, 23.5, 24.0, 23.25, 24.0, 24.0, 24.0, 23.75, 24.5, 24.25, 24.25, 24.25, 23.75, 23.75, 24.0, 24.5, 24.5, 24.25, 24.75, 24.0, 24.0, 24.25, 24.5, 24.5, 24.5, 24.25, 24.5, 24.5, 24.75, 25.0, 25.5, 25.75, 26.25, 25.25, 25.5, 25.25, 26.0, 25.0, 25.5, 26.75, 27.5, 29.75, 30.75, 29.75, 27.0, 27.0, 28.75, 30.5, 29.5, 29.75, 29.0, 29.5]"
19,44,11,"[23.5, 23.75, 23.0, 24.0, 23.0, 23.25, 23.75, 22.75, 24.0, 24.0, 24.0, 24.0, 24.0, 23.5, 24.0, 23.5, 24.0, 23.75, 24.25, 23.75, 24.5, 24.25, 24.0, 24.0, 24.5, 24.0, 24.25, 24.0, 24.25, 24.5, 24.25, 23.5, 24.5, 24.75, 24.25, 24.25, 24.5, 24.25, 24.25, 24.75, 25.25, 25.75, 25.75, 26.0, 26.25, 25.75, 25.0, 25.75, 26.5, 26.25, 25.5, 27.0, 28.0, 30.0, 30.5, 29.75, 27.25, 26.75, 29.0, 30.5, 30.0, 29.75, 29.0, 30.0]"
19,44,11,"[24.5, 24.25, 23.75, 24.0, 24.0, 23.5, 24.0, 23.75, 24.5, 24.25, 24.0, 23.75, 23.5, 24.0, 24.0, 23.5, 24.5, 24.0, 23.75, 23.75, 24.25, 24.25, 24.25, 23.5, 24.5, 23.75, 24.25, 24.0, 24.5, 24.5, 24.75, 24.0, 24.25, 24.75, 24.75, 24.25, 24.75, 24.5, 24.75, 24.5, 25.75, 25.75, 25.5, 26.0, 26.75, 25.5, 25.75, 25.25, 26.75, 25.75, 26.0, 27.0, 27.75, 29.5, 30.75, 29.5, 26.75, 27.0, 29.25, 30.75, 30.5, 29.75, 29.5, 29.5]"
19,44,11,"[23.75, 24.5, 23.5, 23.75, 24.0, 23.5, 23.5, 23.0, 23.5, 24.5, 23.75, 24.0, 23.5, 23.75, 24.0, 24.0, 24.5, 24.0, 24.5, 23.75, 24.0, 24.0, 23.75, 23.75, 24.25, 24.0, 24.0, 24.25, 24.25, 24.5, 24.5, 24.0, 24.25, 24.5, 24.25, 24.75, 24.25, 24.5, 24.5, 24.25, 25.25, 25.5, 25.75, 26.0, 26.5, 25.25, 25.0, 25.75, 26.25, 26.0, 25.75, 26.5, 27.75, 30.0, 30.75, 29.75, 27.0, 27.0, 28.75, 30.0, 30.0, 29.75, 29.5, 29.5]"
19,44,11,"[24.0, 24.0, 23.5, 24.25, 23.5, 23.5, 23.25, 23.0, 23.75, 24.0, 23.75, 23.75, 24.0, 23.75, 24.25, 23.75, 24.25, 23.75, 24.0, 24.0, 24.25, 24.25, 24.0, 23.5, 24.5, 23.75, 24.25, 24.25, 24.25, 24.5, 24.25, 24.25, 24.5, 24.75, 24.25, 24.75, 24.5, 24.5, 24.5, 24.5, 25.0, 25.5, 25.75, 25.75, 26.25, 25.75, 25.25, 25.75, 26.5, 25.5, 25.75, 27.0, 28.0, 30.25, 31.0, 30.25, 27.25, 27.75, 29.25, 30.75, 30.0, 29.5, 29.75, 29.75]"
19,44,11,"[24.0, 24.25, 23.25, 23.75, 23.75, 23.25, 24.0, 22.5, 23.75, 23.75, 23.5, 24.0, 23.5, 23.5, 23.75, 23.75, 24.5, 24.25, 24.0, 23.75, 24.0, 24.25, 23.75, 24.0, 24.75, 24.0, 24.5, 24.5, 24.0, 24.0, 24.5, 23.75, 24.0, 24.5, 24.25, 24.5, 24.5, 24.5, 24.75, 24.25, 25.25, 25.75, 25.5, 26.0, 26.25, 25.75, 25.5, 25.25, 26.0, 25.25, 25.5, 26.75, 27.5, 29.75, 30.75, 29.5, 27.25, 27.0, 28.75, 30.25, 29.5, 29.25, 29.5, 29.0]"
19,44,12,"[24.25, 24.25, 24.0, 23.75, 23.25, 23.5, 23.5, 23.25, 23.75, 24.0, 23.75, 23.25, 23.5, 23.5, 23.75, 23.5, 24.75, 23.75, 24.75, 23.75, 24.5, 24.5, 24.25, 23.75, 24.25, 24.0, 24.5, 24.25, 24.75, 24.25, 24.5, 23.75, 24.25, 24.5, 24.5, 24.5, 24.75, 23.75, 25.0, 25.0, 25.0, 25.75, 25.5, 26.0, 26.5, 25.5, 25.0, 25.5, 27.0, 25.75, 26.0, 26.75, 27.5, 29.75, 30.25, 29.5, 27.0, 27.25, 29.0, 30.75, 30.25, 29.5, 29.5, 29.75]"
19,44,12,"[24.0, 24.25, 23.75, 23.75, 23.75, 23.75, 24.0, 24.0, 24.0, 23.75, 23.5, 24.0, 23.75, 24.0, 23.75, 24.0, 24.25, 24.5, 24.75, 24.0, 24.0, 24.25, 24.25, 24.25, 24.5, 24.0, 24.75, 24.75, 24.5, 24.5, 24.75, 23.75, 24.0, 24.25, 24.5, 24.25, 24.5, 24.75, 24.75, 24.75, 25.0, 25.5, 25.5, 25.75, 26.5, 25.75, 25.5, 26.0, 26.5, 25.75, 26.0, 27.25, 27.75, 29.75, 31.25, 30.0, 27.5, 27.25, 29.25, 30.5, 30.5, 29.75, 29.5, 29.5]"
19,44,12,"[23.5, 24.0, 23.5, 23.75, 23.75, 23.5, 23.5, 23.25, 23.5, 24.25, 23.5, 24.25, 23.75, 23.75, 23.75, 24.25, 24.0, 23.75, 24.25, 24.25, 24.25, 24.25, 24.0, 24.0, 24.5, 24.25, 24.0, 24.25, 24.0, 24.25, 24.5, 24.0, 24.0, 24.5, 24.0, 24.25, 24.25, 24.25, 24.75, 25.0, 25.5, 25.75, 25.5, 25.75, 26.5, 25.75, 25.0, 25.5, 26.25, 25.5, 25.5, 27.0, 27.5, 30.25, 31.25, 30.25, 27.25, 27.0, 28.75, 30.25, 29.75, 29.75, 29.0, 29.25]"
19,44,12,"[23.5, 23.5, 23.25, 23.5, 23.75, 23.75, 23.75, 23.5, 24.0, 24.0, 23.75, 24.0, 23.5, 23.75, 24.0, 24.0, 24.5, 23.75, 24.25, 23.75, 24.25, 24.0, 24.0, 23.75, 24.5, 24.0, 24.25, 24.25, 24.5, 24.25, 24.75, 24.25, 24.0, 24.5, 24.75, 24.75, 24.5, 25.0, 25.0, 25.25, 25.25, 25.5, 25.25, 26.0, 26.5, 25.75, 25.25, 25.5, 26.5, 25.75, 25.5, 27.0, 28.0, 30.0, 31.0, 29.0, 27.25, 27.25, 28.75, 30.5, 29.5, 29.75, 29.25, 29.25]"
19,44,13,"[24.0, 23.5, 23.5, 23.75, 24.0, 23.75, 23.75, 22.75, 23.75, 24.0, 23.25, 24.25, 23.25, 24.0, 24.0, 23.75, 24.5, 24.25, 24.5, 23.75, 24.25, 24.25, 23.75, 23.75, 24.5, 24.0, 24.5, 24.75, 24.25, 24.0, 24.75, 23.5, 24.25, 24.5, 24.75, 24.75, 24.0, 24.25, 25.25, 24.5, 25.25, 26.0, 26.0, 25.75, 26.5, 25.5, 25.0, 25.5, 26.5, 25.25, 25.5, 26.25, 27.75, 30.0, 30.75, 29.5, 26.75, 27.5, 29.0, 30.0, 30.0, 30.25, 29.25, 29.25]"
